{
  "uid" : "98d3104e051c652961429bf95fa0b5d6",
  "name" : "suites",
  "children" : [ {
    "name" : "TestCases",
    "children" : [ {
      "name" : "test_api",
      "children" : [ {
        "name" : "TestAPI",
        "children" : [ {
          "name" : "test_all_api[data0]",
          "uid" : "bcea33cf5637e016",
          "parentUid" : "44d5254d608dafee4b38545192d9bdbb",
          "status" : "passed",
          "time" : {
            "start" : 1633417252702,
            "stop" : 1633417252982,
            "duration" : 280
          },
          "flaky" : false,
          "newFailed" : false,
          "parameters" : [ "{'sheetname': 't_接', 'file': 'test_apidata.xlsx', 'filepath': 'D:/desk20201127/ksgit/TestCases/test_apidata.xlsx', 'filesheet': [{'num': '1', 'exec': '1', 'title': '充1', 'method': 'seturl', 'input': 'http://testingedu.com.cn:8081/inter/HTTP', 'request_data': '康', 'status': '', 'expect': '', 'return_code': '', 'return_values': ''}, {'num': '2', 'exec': '2', 'title': '', 'method': 'post', 'input': 'auth', 'request_data': '', 'status': '', 'expect': '', 'return_code': '', 'return_values': ''}]}" ]
        } ],
        "uid" : "44d5254d608dafee4b38545192d9bdbb"
      } ],
      "uid" : "f91bf30e90de28c863e0b560fb949aed"
    } ],
    "uid" : "0408d924bc3d43de55080f45620fd22e"
  } ]
}