{
  "uid" : "ab17fc5a4eb3bca4b216b548c7f9fcbc",
  "name" : "timeline",
  "children" : [ {
    "name" : "DESKTOP-V8HO8M4",
    "children" : [ {
      "name" : "18428-MainThread",
      "children" : [ {
        "name" : "test_all_api[data0]",
        "uid" : "bcea33cf5637e016",
        "parentUid" : "788a1e977a92f32b124539ccd540d36e",
        "status" : "passed",
        "time" : {
          "start" : 1633417252702,
          "stop" : 1633417252982,
          "duration" : 280
        },
        "flaky" : false,
        "newFailed" : false,
        "parameters" : [ "{'sheetname': 't_接', 'file': 'test_apidata.xlsx', 'filepath': 'D:/desk20201127/ksgit/TestCases/test_apidata.xlsx', 'filesheet': [{'num': '1', 'exec': '1', 'title': '充1', 'method': 'seturl', 'input': 'http://testingedu.com.cn:8081/inter/HTTP', 'request_data': '康', 'status': '', 'expect': '', 'return_code': '', 'return_values': ''}, {'num': '2', 'exec': '2', 'title': '', 'method': 'post', 'input': 'auth', 'request_data': '', 'status': '', 'expect': '', 'return_code': '', 'return_values': ''}]}" ]
      } ],
      "uid" : "788a1e977a92f32b124539ccd540d36e"
    }, {
      "name" : "16528-MainThread",
      "children" : [ {
        "name" : "test_all_api[data0]",
        "uid" : "2bce7d332834217c",
        "parentUid" : "e9548971d7ddfd57779c9faf477481e3",
        "status" : "passed",
        "time" : {
          "start" : 1633417189316,
          "stop" : 1633417189686,
          "duration" : 370
        },
        "flaky" : false,
        "newFailed" : false,
        "parameters" : [ "{'sheetname': 't_接', 'file': 'test_apidata.xlsx', 'filepath': 'D:/desk20201127/ksgit/TestCases/test_apidata.xlsx', 'filesheet': [{'num': '1', 'exec': '1', 'title': '充1', 'method': 'seturl', 'input': 'http://testingedu.com.cn:8081/inter/HTTP', 'request_data': '康', 'status': '', 'expect': '', 'return_code': '', 'return_values': ''}, {'num': '2', 'exec': '2', 'title': '', 'method': 'post', 'input': 'auth', 'request_data': '', 'status': '', 'expect': '', 'return_code': '', 'return_values': ''}]}" ]
      } ],
      "uid" : "e9548971d7ddfd57779c9faf477481e3"
    } ],
    "uid" : "198725d75e10e48540c358e545372b07"
  } ]
}