{
  "uid" : "b1a8273437954620fa374b796ffaacdd",
  "name" : "behaviors",
  "children" : [ {
    "name" : "TestAPI.BuiltinImporter",
    "children" : [ {
      "name" : "test_apidata.xlsx<>t_接",
      "children" : [ {
        "name" : "test_all_api[data0]",
        "uid" : "b963d74d3ff52d6c",
        "parentUid" : "42d9b2831be68fb4c88f6276bec96c5f",
        "status" : "passed",
        "time" : {
          "start" : 1633417189316,
          "stop" : 1633417189686,
          "duration" : 370
        },
        "flaky" : false,
        "newFailed" : false,
        "parameters" : [ "{'sheetname': 't_接', 'file': 'test_apidata.xlsx', 'filepath': 'D:/desk20201127/ksgit/TestCases/test_apidata.xlsx', 'filesheet': [{'num': '1', 'exec': '1', 'title': '充1', 'method': 'seturl', 'input': 'http://testingedu.com.cn:8081/inter/HTTP', 'request_data': '康', 'status': '', 'expect': '', 'return_code': '', 'return_values': ''}, {'num': '2', 'exec': '2', 'title': '', 'method': 'post', 'input': 'auth', 'request_data': '', 'status': '', 'expect': '', 'return_code': '', 'return_values': ''}]}" ]
      } ],
      "uid" : "42d9b2831be68fb4c88f6276bec96c5f"
    } ],
    "uid" : "228ffe879e13e601801c8ef9801ced48"
  } ]
}