{
  "uid" : "83edc06c07f9ae9e47eb6dd1b683e4e2",
  "name" : "packages",
  "children" : [ {
    "name" : "TestCases.test_api",
    "children" : [ {
      "name" : "test_all_api[data0]",
      "uid" : "b963d74d3ff52d6c",
      "parentUid" : "5dd6f3392356573e25bfacda27463ff0",
      "status" : "passed",
      "time" : {
        "start" : 1633417189316,
        "stop" : 1633417189686,
        "duration" : 370
      },
      "flaky" : false,
      "newFailed" : false,
      "parameters" : [ "{'sheetname': 't_接', 'file': 'test_apidata.xlsx', 'filepath': 'D:/desk20201127/ksgit/TestCases/test_apidata.xlsx', 'filesheet': [{'num': '1', 'exec': '1', 'title': '充1', 'method': 'seturl', 'input': 'http://testingedu.com.cn:8081/inter/HTTP', 'request_data': '康', 'status': '', 'expect': '', 'return_code': '', 'return_values': ''}, {'num': '2', 'exec': '2', 'title': '', 'method': 'post', 'input': 'auth', 'request_data': '', 'status': '', 'expect': '', 'return_code': '', 'return_values': ''}]}" ]
    } ],
    "uid" : "TestCases.test_api"
  } ]
}