{
  "uid" : "98d3104e051c652961429bf95fa0b5d6",
  "name" : "suites",
  "children" : [ {
    "name" : "api.cases",
    "children" : [ {
      "name" : "test_api4",
      "children" : [ {
        "name" : "TestAPI",
        "children" : [ {
          "name" : "test_all_api[data0]",
          "uid" : "2a26478ce42c4c02",
          "parentUid" : "b0afd042f7c7c20c12504f68f06e1f8b",
          "status" : "passed",
          "time" : {
            "start" : 1610872056513,
            "stop" : 1610872057303,
            "duration" : 790
          },
          "flaky" : false,
          "newFailed" : false,
          "parameters" : [ "{'sheetname1': 't_接', 'file1': 'test_apidata.xlsx', 'filepath1': 'D:/desk20201127/ks/Datas/test_apidata.xlsx', 'filesheet1': [{'num': '1', 'exec': '1', 'title': '充1', 'method': 'seturl', 'input': 'http://testingedu.com.cn:8081/inter/HTTP', 'request_data': '康', 'status': '', 'expect': '', 'return_code': '', 'return_values': ''}, {'num': '2', 'exec': '2', 'title': '', 'method': 'post', 'input': 'auth', 'request_data': '', 'status': '', 'expect': '', 'return_code': '', 'return_values': ''}, {'num': '3', 'exec': '3', 'title': '充2', 'method': 'savejson', 'input': 'token1', 'request_data': 'token', 'status': '', 'expect': '', 'return_code': '', 'return_values': ''}, {'num': '4', 'exec': '4', 'title': '', 'method': 'addheader', 'input': 'token', 'request_data': '${token1}', 'status': '', 'expect': '', 'return_code': '', 'return_values': ''}, {'num': '5', 'exec': '5', 'title': '', 'method': 'savedata', 'input': 'password', 'request_data': '${pwd}', 'status': '', 'expect': '', 'return_code': '', 'return_values': ''}, {'num': '6', 'exec': '6', 'title': '', 'method': 'savedata', 'input': 'user1', 'request_data': '康', 'status': '', 'expect': '', 'return_code': '', 'return_values': ''}, {'num': '7', 'exec': '7', 'title': '', 'method': 'savedata', 'input': 'user2', 'request_data': '是', 'status': '', 'expect': '', 'return_code': '', 'return_values': ''}, {'num': '8', 'exec': '8', 'title': '', 'method': 'saveparam', 'input': 'token', 'request_data': '${token1}', 'status': '', 'expect': '', 'return_code': '', 'return_values': ''}, {'num': '9', 'exec': '9', 'title': '', 'method': 'saveparam', 'input': 'aaa', 'request_data': '啊', 'status': '', 'expect': '', 'return_code': '', 'return_values': ''}, {'num': '10', 'exec': '10', 'title': '', 'method': 'saveparam', 'input': 'user', 'request_data': '${user1}', 'status': '', 'expect': '', 'return_code': '', 'return_values': ''}, {'num': '11', 'exec': '11', 'title': '', 'method': 'post', 'input': 'register', 'request_data': '{\"username\": \"\", \"pwd\": \"\", \"nickname\":\"熊明\"}', 'status': '', 'expect': '', 'return_code': '', 'return_values': ''}, {'num': '12', 'exec': '12', 'title': '', 'method': 'assertequals', 'input': 'status', 'request_data': '200', 'status': '', 'expect': '', 'return_code': '', 'return_values': ''}, {'num': '13', 'exec': '13', 'title': '', 'method': 'post', 'input': 'register', 'request_data': '{\"username\": \"\", \"pwd\": ${password}, \"nickname\":\"熊明\"}', 'status': '', 'expect': '', 'return_code': '', 'return_values': ''}, {'num': '14', 'exec': '14', 'title': '', 'method': 'assertequals', 'input': 'status', 'request_data': '402', 'status': '', 'expect': '', 'return_code': '', 'return_values': ''}]}" ]
        } ],
        "uid" : "b0afd042f7c7c20c12504f68f06e1f8b"
      } ],
      "uid" : "29a4f63db4143ae9243f858fbb9727fd"
    } ],
    "uid" : "efffea28c8529d2a19b008460cd6bb3f"
  } ]
}